[
    {
        "id": 1,
        "name": "Lavanta kesesi",
        "price": {
            "oldPrice": 165.00,
            "newPrice": 108.00
        },
        "discount": 22,
        "img": {
            "singleImage": "img/products/product10/1.jpg",
            "thumbs": [
                "img",
                "img/products/product10/2.jpg",
                "img/products/product10/2.jpg"
            ]
        }
    },

    
    {
        "id": 2,
        "name": "Lavanta kokulu kese",
        "price": {
            "oldPrice": 208.00,
            "newPrice": 100
        },
        "discount": 33,
        "img": {
            "singleImage": "img/products/product10/2.jpg",
            "thumbs": [
                "img/products/product10/2.jpg",
                "img/products/product10/3.jpg"
                
            ]
        }
    },
    {
        "id": 3,
        "name": "Lavanta Özlü kese",
        "price": {
            "oldPrice": 165.00,
            "newPrice": 38.00
        },
        "discount": 90,
        "img": {
            "singleImage": "img/products/product10/5.jpg",
            "thumbs": [
                "img/products/product10/4.jpg",
                "img/products/product10/10.jpg"
            ]
        }
    },
    {
          "id": 3,
          "name": "Lavanta kokulu kese",
          "price": {
              "oldPrice": 165.00,
              "newPrice": 38.00
          },
          "discount": 90,
          "img": {
              "singleImage": "img/products/product10/7.jpg",
              "thumbs": [
                  "img/products/product10/2.jpg",
                  "img/products/product10/2.jpg"
              ]
          }
      }
    
]