[
      {
          "id": 1,
          "name": "Lavanta Özlü Kolonya 10 ML",
          "price": {
              "oldPrice": 165.00,
              "newPrice": 108.00
          },
          "discount": 22,
          "img": {
              "singleImage": "img/products/product6/1.jpg",
              "thumbs": [
                  "img",
                  "img/products/product6/1.jpg",
                  "img/products/product6/2.jpg"
              ]
          }
      },
  
      
      {
          "id": 2,
          "name": "Lavanta Özlü Kolonya 50 ML",
          "price": {
              "oldPrice": 208.00,
              "newPrice": 100
          },
          "discount": 33,
          "img": {
              "singleImage": "img/products/product7/3.jpg",
              "thumbs": [
                  "img/products/product7/1.jpg",
                  "img/products/product7/2.jpg"
                  
              ]
          }
      },
      {
          "id": 3,
          "name": "Lavanta Özlü Kolonya 100 ML",
          "price": {
              "oldPrice": 165.00,
              "newPrice": 38.00
          },
          "discount": 90,
          "img": {
              "singleImage": "img/products/product8/1.jpg",
              "thumbs": [
                  "img/products/product8/1.jpg",
                  "img/products/product8/2.jpg"
              ]
          }
      },
      {
            "id": 3,
            "name": "Lavanta Özlü Kolonya 200 ML",
            "price": {
                "oldPrice": 165.00,
                "newPrice": 38.00
            },
            "discount": 90,
            "img": {
                "singleImage": "img/products/product9/7.jpg",
                "thumbs": [
                    "img/products/product9/7.jpg",
                    "img/products/product9/6.jpg"
                ]
            }
        }
      
  ]