[
    {
        "id": 1,
        "name": "Lavanta Özlü Uçucu Yağ 10 ML",
        "price": {
            "oldPrice": 165.00,
            "newPrice": 108.00
        },
        "discount": 22,
        "img": {
            "singleImage": "img/products/product1/1.jpg",
            "thumbs": [
                "img",
                "img/products/product1/2.jpg",
                "img/products/product1/3.jpg"
            ]
        }
    },

    
    {
        "id": 2,
        "name": "Lavanta Özlü Bakım Yağı 50 ML",
        "price": {
            "oldPrice": 208.00,
            "newPrice": 100
        },
        "discount": 33,
        "img": {
            "singleImage": "img/products/product2/1.jpg",
            "thumbs": [
                "img/products/product2/1.jpg",
                "img/products/product2/2.jpg"
                
            ]
        }
    },
    {
        "id": 3,
        "name": "Tatlı Badem Yağı 100 ML",
        "price": {
            "oldPrice": 165.00,
            "newPrice": 38.00
        },
        "discount": 90,
        "img": {
            "singleImage": "img/products/product3/1.jpg",
            "thumbs": [
                "img/products/product3/1.jpg",
                "img/products/product3/2.jpeg"
            ]
        }
    },
    {
        "id": 4,
        "name": "Lavanta Hidrosolü 100 ML",
        "price": {
            "oldPrice": 165.00,
            "newPrice": 48.00
        },
        "discount": 40,
        "img": {
            "singleImage": "img/products/product4/1.jpg",
            "thumbs": [
                "img/products/product4/1.jpg",
                "img/products/product4/2.jpg",
                "img/products/product4/3.jpg"
            ]
        }
    },
    {
        "id": 5,
        "name": "Lavanta Hidrosolü 100 ML",
        "price": {
            "oldPrice": 165.00,
            "newPrice": 48.00
        },
        "discount": 40,
        "img": {
            "singleImage": "img/products/product5/1.jpg",
            "thumbs": [
                "img/products/product5/2.jpg",
                "img/products/product4/2.jpg",
                "img/products/product4/3.jpg"
            ]
        }
    }
]